[
  {
    "id": "b4d2c1aa-6aa0-46b8-9c9d-7b5f4dbc76ed",
    "data": [
      {
        "text": "book an appointment",
        "userDefined": false
      }
    ],
    "isTemplate": false,
    "count": 1,
    "lang": "en",
    "updated": 0
  },
  {
    "id": "b5a99399-9a42-4431-9dbd-3336abccb0b7",
    "data": [
      {
        "text": "book",
        "userDefined": false
      }
    ],
    "isTemplate": false,
    "count": 0,
    "lang": "en",
    "updated": 0
  },
  {
    "id": "4147b60a-b723-4ebd-b64b-6d698a1e62db",
    "data": [
      {
        "text": "12:45 PM",
        "meta": "@sys.date-time",
        "alias": "date-time",
        "userDefined": true
      }
    ],
    "isTemplate": false,
    "count": 0,
    "lang": "en",
    "updated": 0
  },
  {
    "id": "8f1b770b-481b-4792-acdf-11ebe5901ddb",
    "data": [
      {
        "text": "12/12/2004",
        "meta": "@sys.date-time",
        "alias": "date-time1",
        "userDefined": true
      }
    ],
    "isTemplate": false,
    "count": 0,
    "lang": "en",
    "updated": 0
  },
  {
    "id": "0c5957e9-4bf9-46c4-8ace-a348a465e67f",
    "data": [
      {
        "text": "yakesh@gmail.com",
        "meta": "@sys.email",
        "alias": "email",
        "userDefined": true
      }
    ],
    "isTemplate": false,
    "count": 0,
    "lang": "en",
    "updated": 0
  },
  {
    "id": "ed8e2aa1-4b47-45f8-8fd4-bffd9064c17b",
    "data": [
      {
        "text": "9092210166",
        "meta": "@sys.phone-number",
        "alias": "phone-number",
        "userDefined": true
      }
    ],
    "isTemplate": false,
    "count": 0,
    "lang": "en",
    "updated": 0
  },
  {
    "id": "9ff35107-9680-4978-aad8-c3feeefad2c9",
    "data": [
      {
        "text": "name",
        "meta": "@sys.last-name",
        "alias": "last-name",
        "userDefined": true
      }
    ],
    "isTemplate": false,
    "count": 0,
    "lang": "en",
    "updated": 0
  }
]