[
  {
    "id": "32ecdfff-1795-4739-b191-e68b9db609a7",
    "data": [
      {
        "text": "order",
        "userDefined": false
      }
    ],
    "isTemplate": false,
    "count": 0,
    "lang": "en",
    "updated": 0
  },
  {
    "id": "87236400-73a3-4afd-b91a-144dfca593f2",
    "data": [
      {
        "text": "order medicine",
        "userDefined": false
      }
    ],
    "isTemplate": false,
    "count": 0,
    "lang": "en",
    "updated": 0
  },
  {
    "id": "1ec9074b-2455-45d1-9adf-4d4d190098ba",
    "data": [
      {
        "text": "i need ",
        "userDefined": false
      },
      {
        "text": "Penicillin",
        "meta": "@medicine",
        "alias": "medicine",
        "userDefined": true
      }
    ],
    "isTemplate": false,
    "count": 0,
    "lang": "en",
    "updated": 0
  },
  {
    "id": "6783f705-149a-4eae-8f08-d4ff7c039217",
    "data": [
      {
        "text": "i need ",
        "userDefined": false
      },
      {
        "text": "50",
        "meta": "@sys.number-integer",
        "alias": "number-integer",
        "userDefined": true
      }
    ],
    "isTemplate": false,
    "count": 0,
    "lang": "en",
    "updated": 0
  },
  {
    "id": "cc094f9d-a89c-419e-8d27-a546b8a469ed",
    "data": [
      {
        "text": "name",
        "meta": "@sys.last-name",
        "alias": "last-name",
        "userDefined": true
      }
    ],
    "isTemplate": false,
    "count": 0,
    "lang": "en",
    "updated": 0
  },
  {
    "id": "209d02fc-f0b8-4102-a906-9ee3d5fe7bf2",
    "data": [
      {
        "text": "phone",
        "meta": "@sys.phone-number",
        "alias": "phone-number",
        "userDefined": true
      }
    ],
    "isTemplate": false,
    "count": 0,
    "lang": "en",
    "updated": 0
  },
  {
    "id": "d4da49e8-b452-4720-b10c-0b37190fb42b",
    "data": [
      {
        "text": "mail",
        "meta": "@sys.email",
        "alias": "email",
        "userDefined": true
      }
    ],
    "isTemplate": false,
    "count": 0,
    "lang": "en",
    "updated": 0
  }
]