[
  {
    "id": "367f4a58-e608-4706-b4cc-6078b7cca1a4",
    "data": [
      {
        "text": "yakesh@yakesh.com",
        "meta": "@sys.email",
        "alias": "email",
        "userDefined": true
      }
    ],
    "isTemplate": false,
    "count": 0,
    "lang": "en",
    "updated": 0
  },
  {
    "id": "284a1aee-9cfb-4a7c-ad74-6f18d332f2db",
    "data": [
      {
        "text": "1234509876",
        "meta": "@sys.phone-number",
        "alias": "phone-number",
        "userDefined": true
      }
    ],
    "isTemplate": false,
    "count": 0,
    "lang": "en",
    "updated": 0
  },
  {
    "id": "8d9fa783-aa53-41c5-8a60-3bc0b9608035",
    "data": [
      {
        "text": "12",
        "meta": "@sys.age",
        "alias": "age",
        "userDefined": true
      }
    ],
    "isTemplate": false,
    "count": 0,
    "lang": "en",
    "updated": 0
  },
  {
    "id": "25147b82-2688-4311-bbb5-a22b4d85211b",
    "data": [
      {
        "text": "12/12/1222",
        "meta": "@sys.date",
        "alias": "date",
        "userDefined": true
      }
    ],
    "isTemplate": false,
    "count": 0,
    "lang": "en",
    "updated": 0
  },
  {
    "id": "ca6cf7e4-566d-4082-9107-b1dca3a8c0e3",
    "data": [
      {
        "text": "abbcdefg",
        "meta": "@sys.given-name",
        "alias": "given-name",
        "userDefined": true
      }
    ],
    "isTemplate": false,
    "count": 0,
    "lang": "en",
    "updated": 0
  },
  {
    "id": "2391e392-3ed1-4cbe-8652-6b6074620660",
    "data": [
      {
        "text": "Register",
        "userDefined": false
      }
    ],
    "isTemplate": false,
    "count": 0,
    "lang": "en",
    "updated": 0
  },
  {
    "id": "f63034e8-3040-46a5-8026-436f137ccf5f",
    "data": [
      {
        "text": "Register for the competition",
        "userDefined": false
      }
    ],
    "isTemplate": false,
    "count": 0,
    "lang": "en",
    "updated": 0
  }
]