[
  {
    "value": "Oseltamivir",
    "synonyms": [
      "Oseltamivir"
    ]
  },
  {
    "value": "Insulin",
    "synonyms": [
      "Insulin"
    ]
  },
  {
    "value": "Lisinopril",
    "synonyms": [
      "Lisinopril"
    ]
  },
  {
    "value": "Albuterol",
    "synonyms": [
      "Albuterol"
    ]
  },
  {
    "value": "Ibuprofen",
    "synonyms": [
      "Ibuprofen"
    ]
  },
  {
    "value": "Azithromycin",
    "synonyms": [
      "Azithromycin"
    ]
  },
  {
    "value": "Amoxicillin",
    "synonyms": [
      "Amoxicillin"
    ]
  },
  {
    "value": "Chloroquine",
    "synonyms": [
      "Chloroquine"
    ]
  },
  {
    "value": "Rifampin",
    "synonyms": [
      "Rifampin"
    ]
  },
  {
    "value": "Sertraline",
    "synonyms": [
      "Sertraline"
    ]
  },
  {
    "value": "Lorazepam",
    "synonyms": [
      "Lorazepam"
    ]
  },
  {
    "value": "Risperidone",
    "synonyms": [
      "Risperidone"
    ]
  },
  {
    "value": "Donepezil",
    "synonyms": [
      "Donepezil"
    ]
  },
  {
    "value": "Levodopa",
    "synonyms": [
      "Levodopa"
    ]
  },
  {
    "value": "Chemotherapy",
    "synonyms": [
      "Chemotherapy"
    ]
  },
  {
    "value": "Antiretrovirals",
    "synonyms": [
      "Antiretrovirals"
    ]
  },
  {
    "value": "Sofosbuvir",
    "synonyms": [
      "Sofosbuvir"
    ]
  },
  {
    "value": "Acetaminophen",
    "synonyms": [
      "Acetaminophen"
    ]
  },
  {
    "value": "Loratadine",
    "synonyms": [
      "Loratadine"
    ]
  },
  {
    "value": "Omeprazole",
    "synonyms": [
      "Omeprazole"
    ]
  },
  {
    "value": "Sumatriptan",
    "synonyms": [
      "Sumatriptan"
    ]
  },
  {
    "value": "Alendronate",
    "synonyms": [
      "Alendronate"
    ]
  },
  {
    "value": "Hydrocortisone",
    "synonyms": [
      "Hydrocortisone"
    ]
  },
  {
    "value": "Methotrexate",
    "synonyms": [
      "Methotrexate"
    ]
  },
  {
    "value": "Colchicine",
    "synonyms": [
      "Colchicine"
    ]
  },
  {
    "value": "Mesalamine",
    "synonyms": [
      "Mesalamine"
    ]
  },
  {
    "value": "Sulfasalazine",
    "synonyms": [
      "Sulfasalazine"
    ]
  },
  {
    "value": "Timolol",
    "synonyms": [
      "Timolol"
    ]
  },
  {
    "value": "Prednisolone",
    "synonyms": [
      "Prednisolone"
    ]
  },
  {
    "value": "Erythromycin",
    "synonyms": [
      "Erythromycin"
    ]
  },
  {
    "value": "Penicillin",
    "synonyms": [
      "Penicillin"
    ]
  },
  {
    "value": "Ciprofloxacin",
    "synonyms": [
      "Ciprofloxacin"
    ]
  },
  {
    "value": "Tamsulosin",
    "synonyms": [
      "Tamsulosin"
    ]
  },
  {
    "value": "Ursodiol",
    "synonyms": [
      "Ursodiol"
    ]
  },
  {
    "value": "Chest Tube",
    "synonyms": [
      "Chest Tube"
    ]
  },
  {
    "value": "Appendectomy",
    "synonyms": [
      "Appendectomy"
    ]
  },
  {
    "value": "Birth Control Pills",
    "synonyms": [
      "Birth Control Pills"
    ]
  },
  {
    "value": "Pregabalin",
    "synonyms": [
      "Pregabalin"
    ]
  },
  {
    "value": "Modafinil",
    "synonyms": [
      "Modafinil"
    ]
  },
  {
    "value": "Zolpidem",
    "synonyms": [
      "Zolpidem"
    ]
  },
  {
    "value": "CPAP Machine",
    "synonyms": [
      "CPAP Machine"
    ]
  },
  {
    "value": "Methylphenidate",
    "synonyms": [
      "Methylphenidate"
    ]
  },
  {
    "value": "Benzoyl Peroxide",
    "synonyms": [
      "Benzoyl Peroxide"
    ]
  },
  {
    "value": "Metronidazole",
    "synonyms": [
      "Metronidazole"
    ]
  },
  {
    "value": "Ceftriaxone",
    "synonyms": [
      "Ceftriaxone"
    ]
  },
  {
    "value": "Paracetamol",
    "synonyms": [
      "Paracetamol"
    ]
  },
  {
    "value": "Supportive Care",
    "synonyms": [
      "Supportive Care"
    ]
  },
  {
    "value": "Rabies Vaccine",
    "synonyms": [
      "Rabies Vaccine"
    ]
  },
  {
    "value": "Measles Vaccine",
    "synonyms": [
      "Measles Vaccine"
    ]
  },
  {
    "value": "Polio Vaccine",
    "synonyms": [
      "Polio Vaccine"
    ]
  },
  {
    "value": "Tetanus Vaccine",
    "synonyms": [
      "Tetanus Vaccine"
    ]
  },
  {
    "value": "Rubella Vaccine",
    "synonyms": [
      "Rubella Vaccine"
    ]
  },
  {
    "value": "Acyclovir",
    "synonyms": [
      "Acyclovir"
    ]
  },
  {
    "value": "HPV Vaccine",
    "synonyms": [
      "HPV Vaccine"
    ]
  },
  {
    "value": "Fluconazole",
    "synonyms": [
      "Fluconazole"
    ]
  },
  {
    "value": "Nitrofurantoin",
    "synonyms": [
      "Nitrofurantoin"
    ]
  },
  {
    "value": "Loperamide",
    "synonyms": [
      "Loperamide"
    ]
  },
  {
    "value": "Hepatitis B Vaccine",
    "synonyms": [
      "Hepatitis B Vaccine"
    ]
  },
  {
    "value": "Doxycycline",
    "synonyms": [
      "Doxycycline"
    ]
  },
  {
    "value": "Yellow Fever Vaccine",
    "synonyms": [
      "Yellow Fever Vaccine"
    ]
  },
  {
    "value": "Ribavirin",
    "synonyms": [
      "Ribavirin"
    ]
  },
  {
    "value": "Isoniazid",
    "synonyms": [
      "Isoniazid"
    ]
  },
  {
    "value": "Benznidazole",
    "synonyms": [
      "Benznidazole"
    ]
  },
  {
    "value": "Suramin",
    "synonyms": [
      "Suramin"
    ]
  },
  {
    "value": "Smallpox Vaccine",
    "synonyms": [
      "Smallpox Vaccine"
    ]
  },
  {
    "value": "Streptomycin",
    "synonyms": [
      "Streptomycin"
    ]
  },
  {
    "value": "Dapsone",
    "synonyms": [
      "Dapsone"
    ]
  },
  {
    "value": "Aspirin",
    "synonyms": [
      "Aspirin"
    ]
  },
  {
    "value": "Ranitidine",
    "synonyms": [
      "Ranitidine"
    ]
  },
  {
    "value": "Psyllium Husk",
    "synonyms": [
      "Psyllium Husk"
    ]
  },
  {
    "value": "Loperamide",
    "synonyms": [
      "Loperamide"
    ]
  },
  {
    "value": "Omeprazole",
    "synonyms": [
      "Omeprazole"
    ]
  },
  {
    "value": "Dimenhydrinate",
    "synonyms": [
      "Dimenhydrinate"
    ]
  },
  {
    "value": "Acetaminophen",
    "synonyms": [
      "Acetaminophen"
    ]
  },
  {
    "value": "Aloe Vera Gel",
    "synonyms": [
      "Aloe Vera Gel"
    ]
  },
  {
    "value": "Dextromethorphan",
    "synonyms": [
      "Dextromethorphan"
    ]
  },
  {
    "value": "Chloraseptic Spray",
    "synonyms": [
      "Chloraseptic Spray"
    ]
  },
  {
    "value": "Amoxicillin",
    "synonyms": [
      "Amoxicillin"
    ]
  },
  {
    "value": "Pseudoephedrine",
    "synonyms": [
      "Pseudoephedrine"
    ]
  },
  {
    "value": "Acetaminophen with Codeine",
    "synonyms": [
      "Acetaminophen with Codeine"
    ]
  },
  {
    "value": "Ondansetron",
    "synonyms": [
      "Ondansetron"
    ]
  },
  {
    "value": "Promethazine",
    "synonyms": [
      "Promethazine"
    ]
  },
  {
    "value": "Loratadine",
    "synonyms": [
      "Loratadine"
    ]
  },
  {
    "value": "Acetazolamide",
    "synonyms": [
      "Acetazolamide"
    ]
  },
  {
    "value": "Iron Supplements",
    "synonyms": [
      "Iron Supplements"
    ]
  },
  {
    "value": "Oral Rehydration Solution",
    "synonyms": [
      "Oral Rehydration Solution"
    ]
  },
  {
    "value": "Meclizine",
    "synonyms": [
      "Meclizine"
    ]
  },
  {
    "value": "Antihistamines",
    "synonyms": [
      "Antihistamines"
    ]
  },
  {
    "value": "Glucose Tablets",
    "synonyms": [
      "Glucose Tablets"
    ]
  },
  {
    "value": "Glucose Gel",
    "synonyms": [
      "Glucose Gel"
    ]
  },
  {
    "value": "Heparin",
    "synonyms": [
      "Heparin"
    ]
  },
  {
    "value": "Sodium Bicarbonate",
    "synonyms": [
      "Sodium Bicarbonate"
    ]
  },
  {
    "value": "Chloride Supplements",
    "synonyms": [
      "Chloride Supplements"
    ]
  },
  {
    "value": "Oxybutynin",
    "synonyms": [
      "Oxybutynin"
    ]
  },
  {
    "value": "Sildenafil",
    "synonyms": [
      "Sildenafil"
    ]
  },
  {
    "value": "Ibuprofen",
    "synonyms": [
      "Ibuprofen"
    ]
  },
  {
    "value": "NSAIDs",
    "synonyms": [
      "NSAIDs"
    ]
  },
  {
    "value": "Clomiphene",
    "synonyms": [
      "Clomiphene"
    ]
  },
  {
    "value": "Gonadotropins",
    "synonyms": [
      "Gonadotropins"
    ]
  },
  {
    "value": "Tadalafil",
    "synonyms": [
      "Tadalafil"
    ]
  },
  {
    "value": "Sertraline",
    "synonyms": [
      "Sertraline"
    ]
  },
  {
    "value": "Tamsulosin",
    "synonyms": [
      "Tamsulosin"
    ]
  }
]