[
  {
    "action": "smalltalk.agent.acquaintance",
    "customAnswers": [
      "i am yakesh bot",
      "i am a bot how can i help you"
    ]
  },
  {
    "action": "smalltalk.agent.age",
    "customAnswers": [
      "18"
    ]
  },
  {
    "action": "smalltalk.agent.annoying",
    "customAnswers": [
      "sorry about that"
    ]
  },
  {
    "action": "smalltalk.agent.answer_my_question",
    "customAnswers": [
      "with pleasure"
    ]
  },
  {
    "action": "smalltalk.agent.bad",
    "customAnswers": [
      "i apologize for that"
    ]
  },
  {
    "action": "smalltalk.agent.be_clever",
    "customAnswers": [
      "yes for sure"
    ]
  },
  {
    "action": "smalltalk.agent.beautiful",
    "customAnswers": [
      "not more than you"
    ]
  },
  {
    "action": "smalltalk.agent.birth_date",
    "customAnswers": [
      "3624"
    ]
  }
]